{"cameraMode":{"drawMode":0,"name":"Shaded","section":"Shading Mode"},"sceneLighting":false,"audioPlay":false,"sceneViewState":{"m_AlwaysRefresh":false,"showFog":true,"showSkybox":false,"showFlares":true,"showImageEffects":true,"showParticleSystems":true,"showVisualEffectGraphs":true,"m_FxEnabled":true},"in2DMode":false,"pivot":{"x":-2.9802322387695315e-8,"y":0.5738407373428345,"z":-0.00000476837158203125},"rotation":{"x":0.11852026730775833,"y":0.8205165266990662,"z":-0.18418242037296296,"w":0.5280125737190247},"size":2.362274646759033,"orthographic":false}